URL: https://www.youtube.com/watch?v=8nbFfetIsks,
,
0,British prince marries a woman who is only partly African in 2018 and everybody claims it a pinnacle of tolerance Russian tsar and first emperor Peter I makes Abram Gannibal the first African to come to Russia a pure Black person lad his godson and an aristocrat giving him a nobility in 1705 century later his grandson Alexander Pushkin becomes the most admired Russian poet and writer what should that be called then
1,Ooo Stand By Me nice addition
0,Az regasszonymeg a csvmintha nyugdijas klubba lennenk
0,Fast forward top the 730 point unless you like watching people mulling around and waiting
1,the first 4 hours were amazing
0,Demetria Gene Guynes
0,He could not find young girl I think he likes granny
-1,This is a disappointment The royal family should have standards  when choosing a partner
1,i wish them all the best
-1,Each year Mexicos drug cartels move 6400000000000 billion in heroin meth ecstasy MJ and dozens of other drugs across the 1952mile border with the United States Source Fox News February 13 2017 Cartels send 64B in drugs into US annuallyThe addiction rates the MS13 murder rates drug overdose rates and the endless tragedies cost 10 to 13 teen lives every hour in the USA  The precise number of teens who die from drug overdoses every year remains unknown However in 2016 47000 lost their lives to a drug overdose  Source
0,And your point here is
0,The cpse bride
0,All problem solved in 3 hours call now and whatsall viber  919828844782Famliy problem solution Husband wife problem solution Any problem solution
-1,Devils are invited
-1,no
1,Come through Meghan and Harry with the diverse love
-1,I dont know what is the big deal of this crap royal wedding shit
-1,No member of any royalty will ever have my respect  Respect must be earned You cant be born into it
0,edie
1,I thoroughly enjoyed watching this royal wedding It was a very welcome event in light of the constant flood of bad news in todays world Everything was perfect  the weather for a change blue skies in the UK the church choir singing the live orchestra music the chello solo performance the theatrical passionate and inspiring speech given by that Pastor would have loved to know what was going through the Queens mind while she listen to his sermon since they say that she dislikes long sermons and above all that ethereal rendition of Stand By Me by that black choirMeghans mom looked a bit sad If I had to guess why it would be because she has to reckon with the reality that her daughter has to move to live in the UK
1,I loved loved this wedding The songs the preaching the prayers the love and giggling the married couple displayed They are very beautiful The dress was simple yet stunning the bride was amazingly beautiful I actually watched it many timesBut I am 5050I hope this was really love blooming and not just lust or still the honeymoon phase of the falling in love feeling I hope Meghan is not a covert narcissist and that all this was not acting from her part Harry seemed truly in love Meghan it also looked like deep love just that I hope it was genuine not acting Her past  displayed vicious narcissistic traits in so many ways Knowing that narcissists are so perfect in faking they can pretty much fool everyone The victims get to realize who they really are only too late after they have turned cold on them Narcissist actress high position like this one in which narcissitic supplies will flow abundantly for a good while is a dangerous toxic combination for the potential victim who might never recover from the narcissistic bond created by the perfect love bomber I just hope for Harry that he did not fall into a well prep trap Hope all the shady side of Meghan past was just an exaggerationI wish them love and happiness in case this is true genuine love
0,Whats the  Name of the song at 74846
1,Goodness Harry sure Looked HOT at his wedding I can recall years ago when he  Wills were just kids  I thought Wills is SUCH a cute blond kid  Harry is like any little Hothead redhead boy Nowadays in 2018 William looks more like Charles  Harry is just getting MORE attractive with ageHee
-1,THATS what I get 4 judgingBOO me
1,The best royal wedding Ive ever seen So personal and full of emotion
1,82454 that smirky smile from the dude on the left haha badass D
1,love
-1,Harry should have got married straight from a jail Why Afghanistan
1,True Love
1,Reptils got married aw so cute is like watching national geographic
0,Everyone speaks of how composed Meghan was If her mom was not there she would have fallen apart in this highly charged emotional event We completely missed that  I am happy her mom was close by to help keep her together There were many moments she would have fallen apart and she repeatedly looks to her mom for strength  Harry looked to her for strength while she looked to her mom for strength She forced herself not to cry maybe she cried previous to this event Awesome couple
1,good wedding ever
0,httpswwwfrfreelancercomgetmeamine22
1,300 mil pounds well spent hooray UK
0,What have famous people done to get an invitation to the royal wedding
0,75643 LUCY
0,what if a terrorist atack would have happened lol
0,Fuer eine dumme Sau bringst du 50000 Deutsche um  oder 6 Millionen Der Jude Orderniert und frist Scheisse Bloss weil keiner mehr ein Pudel kaufen will Kauft und das Essen zahlt der Staart  Kriegsverbrecher pluendern im Namen die Welt Aus sicherheits Gruenden fickst du in Deutschland im After in den Fressen im Genitalbereich mit Wald HIV rum Um Antigene fuer unterbemittelteGeisteskranke zu Zuechten Goldener Schuss Step for Step NA club romas Der super Krieger der an der Front war versteckt sich  was sol ich sagen wie ein kranker in eine Ehe Klar man dekt sich mit der Love zu  TROIA Zigeunersind deine besten Freunde die machen  nichts anderes als das was du machst Du warst 2012 in den Hepperfichten Kleine Kid und Mutter erschlagen ich habe zu gesehen Familien ausgerottet Das sind die Fakten  Du bist ein uebles Werk Deine Mutter bekennt sich zur Schwachheit Wenn die Mutter schwach ist was sind die Kid Geisteskrank  Hatte ich doch recht als ich deine Mails gelesen habe krank  Ich wollte dich Retten in Afganistan eure Magersucht hat Geheimnisse oder unsere Seuche Ich meine deine Seuche Ich habe keine Penners als Freunde aber du ich kann ueberall den Namen drauf schreiben Am Ende kommt hell raus bei uns heist das Beklopt Mich aergert es das mir einer hinter schrieb ob ich geil auf dich waer Das ist eine Beleidigung  Da siehst du wie krank zurckgeblieben eure Welt ist Das Weihnachts  Posting war sDie unsichtbare Brcke Romanhttpsbooksgooglede  booksJulie Orringer2011  FictionNovak stand auf um sich aus der Karaffe auf dem Ecktisch ein Glas  Die Regierung ist sehr geschickt im Erpressen sagte Novakowas von uebel nemlich Scheisse und ich war nur Krank Sollten ihr mich mit HIv oder Tb infiziert haben werde ich deine Welt zerstoeren muessen Du hast meine Familie auf dem gewissen Ich habe das zu kenntnis genommen Sie liessen mich im Keller Tod schlagen und sie liefen mit Hunden draussen in den Heeperfichten rum Wir sterben  Club ClubClubClubClub maus oder Ratten the ro CD Roms romazintiMann sollte such Freunde machen statt feinde Und wenn mann die falschen hat Ja holl ganz viele Afrikaner Studenten diebringen die Kinder in den Schulen auch als Psychoparten um Nein Indianer sind hier uebler gehts nicht als Hulk und das letzte Gericht Schaedelfrakion ist das Europisch Oder Seidensticker an Indien zu verschenkenSklawen als Lohn statt Lohn nein Autos als National Einkommen          IchBay bay  bis bald wie auch immerDer Naziruf schalt dir ja vorraus Deine Dmlich Fresse hoert man draussen Ich meine ein Teil deiner Freunde Der Akt Nachwuchs bei Hitler Indianer und Zigeuner Ihr habt euch irgendwo im Arm genommen Er ist eine ganz Arme Potion hast du ihm erlaubt in MR Tannenberg Novak zu Toeten 5000 DM   Anlage damit er ein Judendorf fuer dich erichtet PS ich habe ein Arisch Nachweis und habe Resperkt gelernt P P  Siehst du von nichts kommt nichts Wird sich auch nie aendern ausser eine Verbrechergarde von GeisteskrankeFaktenFakten FaktenPS Adel verpflichtet Ich wollte dich Retten       Viktor u nicht BallPS mein Onkel war auch ein General             Viktorund nicht alles geht von alleine
0,illuminati eveeeeerywhere  D
0,Hey Megan
0,Where is big shaq
1,Am i the only one that is happy that James Corden is here
1,Wow  Congratulations Prince Harry and d Beautiful Lady Meghan Markle So Lovely
-1,There some plastic feel in this relationshipI am not a psychologist to tell the body language and shit like that butI am thinking this woman will be controlling the guy and he might end up cheatingor she is after something he hasit might be anythingfame or Moneyor securityor all of itthis is some bizzare weddinghope it proves me wrong
0,i was already there
0,A
0,74620 tone bell MrBean nostalgia DDD
0,WHERE WAS JIMMY SAVILE AND STUART HALL BOTH WELL KNOWN BBC PAEDOPHILES AND PRINCE CHARLES S BEST FRIENDS
-1,Harry looked like he just wanted it to be finished already
1,Wow
1,I am a srilankan i love all of you  nice video
1,Love that the entire time Harry couldnt stop staring at her its beautiful
1,bishop the sermon was awesomethe world viewed heard it toowell done
0,i get wozto african choir sing at my weddin
1,beautiful children choir
1,thanku jesus harry married nowmay u bless this marriage
0,im a princess tooi belong jesus
1,this marriage vows i love old fashioned and beautiful
1,love this marriage vows
1,my favourite songwow choirso happy they chose this songmany years prayed for william and harry to find awesome wivesthankyou jesus u answered my prayers
1,that is awesome preachingcongrationals prince and princesslove is what makes marriage last
0,was that the sound of the vuvuzela