Job Title,Location,Salary,Company Name
SEN Tutor,"SW1, South West London, SW1A 2DD",Recently,Targeted Provision Ltd
£28 - £33 per hour,SEN Tutor,"SW1, South West London, SW1A 2DD",Targeted Provision Ltd
Recently,£28 - £33 per hour,Supply Chain Administrator,Deckers
"WC2, Central London, WC2N 5DU",Recently,Unspecified,Deckers
Accounts Payable Assistant,"St James, WC2N 5DU",Recently,Deckers
Unspecified,Total Rewards Analyst,"WC2, Central London, WC2N 5DU",Targeted Provision Ltd
Recently,Unspecified,SEN Tutor,Deckers
"WC2, Central London, WC2N 5DU",Recently,£28 - £33 per hour,Deckers
CS Operations Administrator - 6 Months FTC,"WC2, Central London, WC2N 5DU",Recently,Deckers
Unspecified,Consumer Relations Team Leader (12 Month FTC),"WC2, Central London, WC2N 5DU",Deckers
Recently,Unspecified,Consumer Relations Team Leader,EMBS
"WC2, Central London, WC2N 5DU",Recently,Unspecified,Deckers
Procurement Specialist,"WC2, Central London, WC2N 5DU",Recently,CV Screen Ltd
Unspecified,Onsite IT Support Engineering (2nd Year),"St James, SW1",Deckers
Posted 15 days ago,£35k - 38k per year + Benefits,"Allocator, UGG (6 months FTC)",Deckers
"WC2, Central London, WC2N 5DU",Recently,Unspecified,Webhelp UK
Finance Manager - eCommerce - Remote Working,"St James, SW1",Posted 14 days ago,Applause IT Limited
£50k - 65k per year + benefits,Senior Learning Experience Manager,"WC2, Central London, WC2N 5DU",Johnson & Associates Rec Specialists Ltd
Recently,Unspecified,Online Trading Assistant,Johnson & Associates Rec Specialists Ltd
"WC2, Central London, WC2N 5DU",Recently,Unspecified,Johnson & Associates Rec Specialists Ltd
Infrastructure Architect,"St James, SW1",Posted 30 days ago,Johnson & Associates Rec Specialists Ltd
Unspecified,Mobile Developer,"St James, WC2N 5DU",Elliot Marsh
Expires in 1 day,Negotiable,Junior Loan Closer,Elliot Marsh
"St James, WC2N 5DX",Reposted 7 days ago,"Up to £45,000 per annum",Get Recruited (UK) Ltd
Loan Closing Associate,"St James, WC2N 5DX",Reposted 34 days ago,Elliot Marsh
